MolWt,NumHDonors,NumHAcceptors,TPSA,NumRotatableBonds,NumAromaticRings,NumAliphaticRings,FractionCSP3,MaxPartialCharge,MinPartialCharge
46.069,1,1,20.23,0,0,0,1.0,0.04022058174908642,-0.3966637147812598
45.084999999999994,1,1,26.02,0,0,0,1.0,-0.010576265829206462,-0.3307484184390755
